Invoice,StockCode,Description,Quantity,InvoiceDate,Price,Customer ID,Country
489434,85048,15CM CHRISTMAS GLASS BALL 20 LIGHTS,12,01-12-2009 07:45,6.95,13085,United Kingdom
489434,79323P,PINK CHERRY LIGHTS,12,01-12-2009 07:45,6.75,13085,United Kingdom
489434,79323W, WHITE CHERRY LIGHTS,12,01-12-2009 07:45,6.75,13085,United Kingdom
489434,22041,"RECORD FRAME 7"" SINGLE SIZE ",48,01-12-2009 07:45,2.1,13085,United Kingdom
489434,21232,STRAWBERRY CERAMIC TRINKET BOX,24,01-12-2009 07:45,1.25,13085,United Kingdom
489434,22064,PINK DOUGHNUT TRINKET POT ,24,01-12-2009 07:45,1.65,13085,United Kingdom
489434,21871,SAVE THE PLANET MUG,24,01-12-2009 07:45,1.25,13085,United Kingdom
489434,21523,FANCY FONT HOME SWEET HOME DOORMAT,10,01-12-2009 07:45,5.95,13085,United Kingdom
489435,22350,CAT BOWL ,12,01-12-2009 07:46,2.55,13085,United Kingdom
489435,22349,"DOG BOWL , CHASING BALL DESIGN",12,01-12-2009 07:46,3.75,13085,United Kingdom
489435,22195,HEART MEASURING SPOONS LARGE,24,01-12-2009 07:46,1.65,13085,United Kingdom
489435,22353,LUNCHBOX WITH CUTLERY FAIRY CAKES ,12,01-12-2009 07:46,2.55,13085,United Kingdom
489436,48173C,DOOR MAT BLACK FLOCK ,10,01-12-2009 09:06,5.95,13078,United Kingdom
489436,21755,LOVE BUILDING BLOCK WORD,18,01-12-2009 09:06,5.45,13078,United Kingdom
489436,21754,HOME BUILDING BLOCK WORD,3,01-12-2009 09:06,5.95,13078,United Kingdom
489436,84879,ASSORTED COLOUR BIRD ORNAMENT,16,01-12-2009 09:06,1.69,13078,United Kingdom
489436,22119, PEACE WOODEN BLOCK LETTERS,3,01-12-2009 09:06,6.95,13078,United Kingdom
489436,22142,CHRISTMAS CRAFT WHITE FAIRY ,12,01-12-2009 09:06,1.45,13078,United Kingdom
489436,22296,HEART IVORY TRELLIS LARGE,12,01-12-2009 09:06,1.65,13078,United Kingdom
489436,22295,HEART FILIGREE DOVE LARGE,12,01-12-2009 09:06,1.65,13078,United Kingdom
489436,22109,FULL ENGLISH BREAKFAST PLATE,16,01-12-2009 09:06,3.39,13078,United Kingdom
489436,22107,PIZZA PLATE IN BOX,4,01-12-2009 09:06,3.75,13078,United Kingdom
489436,22194,BLACK DINER WALL CLOCK,2,01-12-2009 09:06,8.5,13078,United Kingdom
489436,35004B,SET OF 3 BLACK FLYING DUCKS,12,01-12-2009 09:06,4.65,13078,United Kingdom
489436,82582,AREA PATROLLED METAL SIGN,12,01-12-2009 09:06,2.1,13078,United Kingdom
489436,21181,PLEASE ONE PERSON  METAL SIGN,12,01-12-2009 09:06,2.1,13078,United Kingdom
489436,21756,BATH BUILDING BLOCK WORD,3,01-12-2009 09:06,5.95,13078,United Kingdom
489436,21333,CLASSIC WHITE FRAME,6,01-12-2009 09:06,2.95,13078,United Kingdom
489436,84596F,SMALL MARSHMALLOWS PINK BOWL,8,01-12-2009 09:06,1.25,13078,United Kingdom
489436,84596L,BISCUITS SMALL BOWL LIGHT BLUE,8,01-12-2009 09:06,1.25,13078,United Kingdom
489436,22111,SCOTTIE DOG HOT WATER BOTTLE,24,01-12-2009 09:06,4.25,13078,United Kingdom
489437,22143,CHRISTMAS CRAFT HEART DECORATIONS,6,01-12-2009 09:08,2.1,15362,United Kingdom
489437,22145,CHRISTMAS CRAFT HEART STOCKING ,6,01-12-2009 09:08,2.1,15362,United Kingdom
489437,22130,PARTY CONE CHRISTMAS DECORATION ,12,01-12-2009 09:08,0.85,15362,United Kingdom
489437,21364,PEACE SMALL WOOD LETTERS,2,01-12-2009 09:08,6.75,15362,United Kingdom
489437,21360,JOY LARGE WOOD LETTERS,1,01-12-2009 09:08,9.95,15362,United Kingdom
489437,21351,CINAMMON & ORANGE WREATH,2,01-12-2009 09:08,6.75,15362,United Kingdom
489437,21352,EUCALYPTUS & PINECONE  WREATH,2,01-12-2009 09:08,6.75,15362,United Kingdom
489437,35400,WOODEN BOX ADVENT CALENDAR ,2,01-12-2009 09:08,8.95,15362,United Kingdom
489437,20695,FLORAL BLUE MONSTER,3,01-12-2009 09:08,4.25,15362,United Kingdom
489437,37370,RETRO COFFEE MUGS ASSORTED,12,01-12-2009 09:08,1.25,15362,United Kingdom
489437,10002,INFLATABLE POLITICAL GLOBE ,12,01-12-2009 09:08,0.85,15362,United Kingdom
489437,84507B,STRIPES DESIGN MONKEY DOLL,6,01-12-2009 09:08,2.55,15362,United Kingdom
489437,20703,BLUE PADDED SOFT MOBILE,3,01-12-2009 09:08,4.25,15362,United Kingdom
489437,21987,PACK OF 6 SKULL PAPER CUPS,12,01-12-2009 09:08,0.65,15362,United Kingdom
489437,21989,PACK OF 20 SKULL PAPER NAPKINS,12,01-12-2009 09:08,0.85,15362,United Kingdom
489437,84970S,HANGING HEART ZINC T-LIGHT HOLDER,12,01-12-2009 09:08,0.85,15362,United Kingdom
489437,20971,PINK BLUE FELT CRAFT TRINKET BOX,12,01-12-2009 09:08,1.25,15362,United Kingdom
489437,22271,FELTCRAFT DOLL ROSIE,6,01-12-2009 09:08,2.95,15362,United Kingdom
489437,22272,FELTCRAFT DOLL MARIA,6,01-12-2009 09:08,2.95,15362,United Kingdom
489437,22274,FELTCRAFT DOLL EMILY,6,01-12-2009 09:08,2.95,15362,United Kingdom
489437,21912,VINTAGE SNAKES & LADDERS,4,01-12-2009 09:08,3.75,15362,United Kingdom
489437,22111,SCOTTIE DOG HOT WATER BOTTLE,3,01-12-2009 09:08,4.95,15362,United Kingdom
489437,22112,CHOCOLATE HOT WATER BOTTLE,3,01-12-2009 09:08,4.95,15362,United Kingdom
489438,21329,DINOSAURS  WRITING SET ,28,01-12-2009 09:24,0.98,18102,United Kingdom
489438,21252,SET OF MEADOW  FLOWER STICKERS,30,01-12-2009 09:24,1.69,18102,United Kingdom
489438,21100,CHARLIE AND LOLA CHARLOTTE BAG,30,01-12-2009 09:24,1.15,18102,United Kingdom
489438,21033,JUMBO BAG CHARLIE AND LOLA TOYS,30,01-12-2009 09:24,2,18102,United Kingdom
489438,20711,JUMBO BAG TOYS ,60,01-12-2009 09:24,1.3,18102,United Kingdom
489438,21410,COUNTRY COTTAGE  DOORSTOP GREEN,32,01-12-2009 09:24,2.5,18102,United Kingdom
489438,21411,GINGHAM HEART  DOORSTOP RED,32,01-12-2009 09:24,2.5,18102,United Kingdom
489438,84031A,CHARLIE+LOLA RED HOT WATER BOTTLE ,56,01-12-2009 09:24,3,18102,United Kingdom
489438,84031B,CHARLIE LOLA BLUE HOT WATER BOTTLE ,56,01-12-2009 09:24,3,18102,United Kingdom
489438,84032A,CHARLIE+LOLA PINK HOT WATER BOTTLE,60,01-12-2009 09:24,1.9,18102,United Kingdom
489438,84032B,CHARLIE + LOLA RED HOT WATER BOTTLE,56,01-12-2009 09:24,1.9,18102,United Kingdom
489438,84519A,TOMATO CHARLIE+LOLA COASTER SET,56,01-12-2009 09:24,2.15,18102,United Kingdom
489438,84519B,CARROT CHARLIE+LOLA COASTER SET,60,01-12-2009 09:24,2.4,18102,United Kingdom
489438,85132A,CHARLIE + LOLA BISCUITS TINS,60,01-12-2009 09:24,6.38,18102,United Kingdom
489438,85132C,CHARLIE AND LOLA FIGURES TINS,60,01-12-2009 09:24,6.4,18102,United Kingdom
489438,85183A,CHARLIE & LOLA WASTEPAPER BIN BLUE,60,01-12-2009 09:24,2.4,18102,United Kingdom
489438,85183B,CHARLIE & LOLA WASTEPAPER BIN FLORA,60,01-12-2009 09:24,2.4,18102,United Kingdom
489439,22065,CHRISTMAS PUDDING TRINKET POT ,12,01-12-2009 09:28,1.45,12682,France
489439,22138,BAKING SET 9 PIECE RETROSPOT ,9,01-12-2009 09:28,4.95,12682,France
489439,22139,RETRO SPOT TEA SET CERAMIC 11 PC ,9,01-12-2009 09:28,4.95,12682,France
489439,22352,LUNCHBOX WITH CUTLERY RETROSPOT ,12,01-12-2009 09:28,2.55,12682,France
489439,85014A,BLACK/BLUE DOTS RUFFLED UMBRELLA,3,01-12-2009 09:28,5.95,12682,France
489439,85014B,RED/WHITE DOTS RUFFLED UMBRELLA,3,01-12-2009 09:28,5.95,12682,France
489439,16161P,WRAP ENGLISH ROSE ,25,01-12-2009 09:28,0.42,12682,France
489439,16169N,WRAP BLUE RUSSIAN FOLKART,25,01-12-2009 09:28,0.42,12682,France
489439,21491,SET OF THREE VINTAGE GIFT WRAPS,6,01-12-2009 09:28,1.95,12682,France
489439,22333,RETRO SPORT PARTY BAG + STICKER SET,8,01-12-2009 09:28,1.65,12682,France
489439,85216,ASSORTED CAKES FRIDGE MAGNETS,12,01-12-2009 09:28,0.65,12682,France
489439,21493, VINTAGE DESIGN GIFT TAGS,12,01-12-2009 09:28,0.85,12682,France
489439,22130,PARTY CONE CHRISTMAS DECORATION ,24,01-12-2009 09:28,0.85,12682,France
489439,22064,PINK DOUGHNUT TRINKET POT ,12,01-12-2009 09:28,1.65,12682,France
489439,21731,RED TOADSTOOL LED NIGHT LIGHT,24,01-12-2009 09:28,1.65,12682,France
489439,85232B,SET/3 RUSSIAN DOLL STACKING TINS,6,01-12-2009 09:28,4.95,12682,France
489439,84691,PACK 20 DOLLY PEGS,12,01-12-2009 09:28,0.85,12682,France
489439,20749,ASSORTED COLOUR MINI CASES,2,01-12-2009 09:28,7.95,12682,France
489439,POST,POSTAGE,3,01-12-2009 09:28,18,12682,France
489440,22350,CAT BOWL ,8,01-12-2009 09:43,2.55,18087,United Kingdom
489440,22349,"DOG BOWL , CHASING BALL DESIGN",8,01-12-2009 09:43,3.75,18087,United Kingdom
489441,22321,BIRD DECORATION RED SPOT,12,01-12-2009 09:44,0.72,18087,United Kingdom
489441,22138,BAKING SET 9 PIECE RETROSPOT ,6,01-12-2009 09:44,4.25,18087,United Kingdom
489441,84029E,RED WOOLLY HOTTIE WHITE HEART.,36,01-12-2009 09:44,2.95,18087,United Kingdom
489441,22111,SCOTTIE DOG HOT WATER BOTTLE,48,01-12-2009 09:44,4.25,18087,United Kingdom
489442,21955,UNION JACK GUNS & ROSES  DOORMAT,2,01-12-2009 09:46,6.75,13635,United Kingdom
489442,22111,SCOTTIE DOG HOT WATER BOTTLE,3,01-12-2009 09:46,4.95,13635,United Kingdom
489442,22296,HEART IVORY TRELLIS LARGE,12,01-12-2009 09:46,1.65,13635,United Kingdom
489442,84899E,YELLOW + BROWN BEAR FELT PURSE KIT,12,01-12-2009 09:46,1.25,13635,United Kingdom
489442,22271,FELTCRAFT DOLL ROSIE,6,01-12-2009 09:46,2.95,13635,United Kingdom
489442,22272,FELTCRAFT DOLL MARIA,6,01-12-2009 09:46,2.95,13635,United Kingdom
489442,85123A,WHITE HANGING HEART T-LIGHT HOLDER,6,01-12-2009 09:46,2.95,13635,United Kingdom
489442,21582,KINGS CHOICE SMALL TUBE MATCHES,20,01-12-2009 09:46,1.65,13635,United Kingdom
489442,21586,KINGS CHOICE GIANT TUBE MATCHES,12,01-12-2009 09:46,2.55,13635,United Kingdom
489442,21590,KINGS CHOICE CIGAR BOX MATCHES ,48,01-12-2009 09:46,1.25,13635,United Kingdom
489442,22091,EMPIRE TISSUE BOX,12,01-12-2009 09:46,1.25,13635,United Kingdom
489442,84251J,"GREETING CARD, THE BLACK CAT",12,01-12-2009 09:46,0.42,13635,United Kingdom
489442,22024,RAINY LADIES BIRTHDAY CARD,12,01-12-2009 09:46,0.42,13635,United Kingdom
489442,22026,BANQUET BIRTHDAY  CARD  ,12,01-12-2009 09:46,0.42,13635,United Kingdom
489442,22029,SPACE BOY BIRTHDAY CARD,12,01-12-2009 09:46,0.42,13635,United Kingdom
489442,22025,RING OF ROSES BIRTHDAY CARD,12,01-12-2009 09:46,0.42,13635,United Kingdom
489442,22031,BOTANICAL LAVENDER BIRTHDAY CARD,12,01-12-2009 09:46,0.42,13635,United Kingdom
489442,21428,SET3 BOOK BOX GREEN GINGHAM FLOWER ,4,01-12-2009 09:46,4.25,13635,United Kingdom
489442,21430,SET/3 RED GINGHAM ROSE STORAGE BOX,4,01-12-2009 09:46,3.75,13635,United Kingdom
489442,21916,SET 12 RETRO WHITE CHALK STICKS,24,01-12-2009 09:46,0.42,13635,United Kingdom
489442,21790,VINTAGE SNAP CARDS,12,01-12-2009 09:46,0.85,13635,United Kingdom
489442,21888,BINGO SET,8,01-12-2009 09:46,3.75,13635,United Kingdom
489442,85178,VICTORIAN SEWING KIT,12,01-12-2009 09:46,1.25,13635,United Kingdom
489443,20754,RETRO RED SPOTTY WASHING UP GLOVES,6,01-12-2009 09:50,2.1,14110,United Kingdom
489443,21035,SET/2 RED SPOTTY TEA TOWELS ,12,01-12-2009 09:50,2.95,14110,United Kingdom
489443,22041,"RECORD FRAME 7"" SINGLE SIZE ",48,01-12-2009 09:50,2.1,14110,United Kingdom
489443,82001S,VINYL RECORD FRAME SILVER,24,01-12-2009 09:50,3.39,14110,United Kingdom
489443,82580,BATHROOM METAL SIGN,12,01-12-2009 09:50,0.55,14110,United Kingdom
489443,85150,LADIES & GENTLEMEN METAL SIGN,12,01-12-2009 09:50,2.55,14110,United Kingdom
489443,21041,RED SPOTTY OVEN GLOVE DOUBLE,6,01-12-2009 09:50,2.95,14110,United Kingdom
489444,POST,POSTAGE,1,01-12-2009 09:55,141,12636,USA
489445,35916C,PINK FELT HANGING HEART W FLOWER,12,01-12-2009 09:57,0.85,17519,United Kingdom
489445,35916B,BLUE FELT HANGING HEART W FLOWER,12,01-12-2009 09:57,0.85,17519,United Kingdom
489445,22321,BIRD DECORATION RED SPOT,24,01-12-2009 09:57,0.85,17519,United Kingdom
489445,22130,PARTY CONE CHRISTMAS DECORATION ,12,01-12-2009 09:57,0.85,17519,United Kingdom
489445,22180,RETRO SPOT LAMP,2,01-12-2009 09:57,9.95,17519,United Kingdom
489445,22128,PARTY CONES CANDY ASSORTED,12,01-12-2009 09:57,1.25,17519,United Kingdom
489445,22163,HEART STRING MEMO HOLDER HANGING,6,01-12-2009 09:57,2.95,17519,United Kingdom
489445,35951,FOLKART BAUBLE CHRISTMAS DECORATION,48,01-12-2009 09:57,0.38,17519,United Kingdom
489445,22253,6 CROCHET STRAWBERRIES,12,01-12-2009 09:57,1.25,17519,United Kingdom
489445,84988,SET OF 72 PINK HEART PAPER DOILIES,12,01-12-2009 09:57,1.45,17519,United Kingdom
489445,22219,LOVEBIRD HANGING DECORATION WHITE ,24,01-12-2009 09:57,0.85,17519,United Kingdom
489445,18097C,WHITE TALL PORCELAIN T-LIGHT HOLDER,6,01-12-2009 09:57,2.55,17519,United Kingdom
489445,22138,BAKING SET 9 PIECE RETROSPOT ,3,01-12-2009 09:57,4.95,17519,United Kingdom
489445,21299,EDWARDIAN TOILET ROLL UNIT ,1,01-12-2009 09:57,12.75,17519,United Kingdom
489445,21099,SET/6 STRAWBERRY PAPER CUPS,24,01-12-2009 09:57,0.65,17519,United Kingdom
489445,21085,SET/6 WOODLAND PAPER CUPS,24,01-12-2009 09:57,0.65,17519,United Kingdom
489445,21929,JUMBO BAG PINK VINTAGE PAISLEY,10,01-12-2009 09:57,1.95,17519,United Kingdom
489445,22241,"GARLAND , WOODEN  "" HAPPY EASTER""",24,01-12-2009 09:57,1.25,17519,United Kingdom
489445,21091,SET/6 WOODLAND PAPER PLATES,12,01-12-2009 09:57,0.85,17519,United Kingdom
489446,21733,RED HANGING HEART T-LIGHT HOLDER,32,01-12-2009 10:06,2.55,13758,United Kingdom
489446,85123A,WHITE HANGING HEART T-LIGHT HOLDER,32,01-12-2009 10:06,2.55,13758,United Kingdom
489446,22178,VICTORIAN GLASS HANGING T-LIGHT,12,01-12-2009 10:06,1.25,13758,United Kingdom
489446,22125,UNION JACK HOT WATER BOTTLE ,12,01-12-2009 10:06,5.95,13758,United Kingdom
489446,21671,RED SPOT CERAMIC DRAWER KNOB,12,01-12-2009 10:06,1.25,13758,United Kingdom
489446,22086,PAPER CHAIN KIT 50'S CHRISTMAS ,12,01-12-2009 10:06,2.95,13758,United Kingdom
489446,22111,SCOTTIE DOG HOT WATER BOTTLE,6,01-12-2009 10:06,4.95,13758,United Kingdom
489446,22112,CHOCOLATE HOT WATER BOTTLE,12,01-12-2009 10:06,4.95,13758,United Kingdom
489446,22294,HEART FILIGREE DOVE  SMALL,24,01-12-2009 10:06,1.25,13758,United Kingdom
489446,22199,FRYING PAN RED POLKADOT ,4,01-12-2009 10:06,4.25,13758,United Kingdom
489446,22083,PAPER CHAIN KIT RETRO SPOT,24,01-12-2009 10:06,2.95,13758,United Kingdom
489446,22114,HOT WATER BOTTLE TEA AND SYMPATHY,12,01-12-2009 10:06,3.95,13758,United Kingdom
489446,21485,RED SPOT HEART HOT WATER BOTTLE,12,01-12-2009 10:06,4.95,13758,United Kingdom
489446,21928,JUMBO BAG SCANDINAVIAN PAISLEY,10,01-12-2009 10:06,1.95,13758,United Kingdom
489446,21929,JUMBO BAG PINK VINTAGE PAISLEY,10,01-12-2009 10:06,1.95,13758,United Kingdom
489446,85099B,JUMBO BAG RED WHITE SPOTTY ,20,01-12-2009 10:06,1.95,13758,United Kingdom
489446,22356,"CHARLOTTE BAG , PINK/WHITE SPOTS",10,01-12-2009 10:06,0.85,13758,United Kingdom
489446,20724,RED SPOTTY CHARLOTTE BAG,10,01-12-2009 10:06,0.85,13758,United Kingdom
489446,21590,KINGS CHOICE CIGAR BOX MATCHES ,24,01-12-2009 10:06,1.25,13758,United Kingdom
489446,21592,RETRO SPOT  CIGAR BOX MATCHES ,24,01-12-2009 10:06,1.25,13758,United Kingdom
489446,20725,LUNCH BAG RED SPOTTY,10,01-12-2009 10:06,1.65,13758,United Kingdom
489446,20728,LUNCH BAG CARS BLUE,10,01-12-2009 10:06,1.65,13758,United Kingdom
489446,20726,LUNCH BAG WOODLAND,10,01-12-2009 10:06,1.65,13758,United Kingdom
489446,20754,RETRO RED SPOTTY WASHING UP GLOVES,12,01-12-2009 10:06,2.1,13758,United Kingdom
489446,21217,RED SPOTTY ROUND CAKE TINS,12,01-12-2009 10:06,8.95,13758,United Kingdom
489446,22195,LARGE HEART MEASURING SPOONS,12,01-12-2009 10:06,1.65,13758,United Kingdom
489446,85066,CREAM SWEETHEART MINI CHEST,2,01-12-2009 10:06,12.75,13758,United Kingdom
489447,POST,POSTAGE,1,01-12-2009 10:10,130,12362,Belgium
489448,20827,GOLD APERITIF GLASS,48,01-12-2009 10:18,2.12,15413,United Kingdom
489448,20825,GOLD WINE GLASS,48,01-12-2009 10:18,3.39,15413,United Kingdom
489448,20823,GOLD WINE GOBLET,48,01-12-2009 10:18,4.25,15413,United Kingdom
489448,20826,SILVER APERITIF GLASS,48,01-12-2009 10:18,2.12,15413,United Kingdom
C489449,22087,PAPER BUNTING WHITE LACE,-12,01-12-2009 10:33,2.95,16321,Australia
C489449,85206A,CREAM FELT EASTER EGG BASKET,-6,01-12-2009 10:33,1.65,16321,Australia
C489449,21895,POTTING SHED SOW 'N' GROW SET,-4,01-12-2009 10:33,4.25,16321,Australia
C489449,21896,POTTING SHED TWINE,-6,01-12-2009 10:33,2.1,16321,Australia
C489449,22083,PAPER CHAIN KIT RETRO SPOT,-12,01-12-2009 10:33,2.95,16321,Australia
C489449,21871,SAVE THE PLANET MUG,-12,01-12-2009 10:33,1.25,16321,Australia
C489449,84946,ANTIQUE SILVER TEA GLASS ETCHED,-12,01-12-2009 10:33,1.25,16321,Australia
C489449,84970S,HANGING HEART ZINC T-LIGHT HOLDER,-24,01-12-2009 10:33,0.85,16321,Australia
C489449,22090,PAPER BUNTING RETRO SPOTS,-12,01-12-2009 10:33,2.95,16321,Australia
489450,22087,PAPER BUNTING WHITE LACE,12,01-12-2009 10:36,2.95,16321,Australia
489450,85206A,CREAM FELT EASTER EGG BASKET,6,01-12-2009 10:36,1.65,16321,Australia
489450,21895,POTTING SHED SOW 'N' GROW SET,4,01-12-2009 10:36,4.25,16321,Australia
489450,21896,POTTING SHED TWINE,6,01-12-2009 10:36,2.1,16321,Australia
489450,22083,PAPER CHAIN KIT RETRO SPOT,12,01-12-2009 10:36,2.95,16321,Australia
489450,21871,SAVE THE PLANET MUG,12,01-12-2009 10:36,1.25,16321,Australia
489450,84946,ANTIQUE SILVER TEA GLASS ETCHED,12,01-12-2009 10:36,1.25,16321,Australia
489450,84970S,HANGING HEART ZINC T-LIGHT HOLDER,24,01-12-2009 10:36,0.85,16321,Australia
489450,22090,PAPER BUNTING RETRO SPOTS,12,01-12-2009 10:36,2.95,16321,Australia
C489459,90200A,PURPLE SWEETHEART BRACELET,-3,01-12-2009 10:44,4.25,17592,United Kingdom
C489459,90200D,PINK SWEETHEART BRACELET,-3,01-12-2009 10:44,4.25,17592,United Kingdom
